channel_id,channel_title
0,- 欢迎订阅 -浙江卫视【奔跑吧】官方频道
1,-Wen Zhao Official文昭談古論今
2,2018 BTS FESTA
3,20th Century Fox
4,2MTV
5,5-Minute Crafts
6,5SOSVEVO
7,5ocial
8,7-Second Riddles
9,88rising
10,A Call For An Uprising
11,A&E
12,A-Boogie Wit Da Hoodie
13,ABC News
14,ABC News (Australia)
15,ABS-CBN Entertainment
16,ABS-CBN News
17,AJ Rafael
18,ALL THE K-POP
19,ARY Digital
20,ATA Media
21,ATHLEAN-X™
22,AaronsAnimals
23,Access
24,Achievement Hunter
25,Act Now 2017
26,Adam LZ
27,Al Nahar TV
28,AlHayah TV Network
29,Albasheer Show - البشير شو
30,AlexRamiGaming
31,Alexandre Calvez
32,Ali-A
33,All Def Digital
34,All Things Adrienne
35,All things Hatala/FAN ACCOUNT
36,AllAroundAudrey
37,Allana Davison
38,Alsharqiya Tube
39,Amazon Studios
40,Amber Scholl
41,America's Got Talent
42,American Idol
43,Amerikano
44,Annie LeBlanc
45,Annoying Orange
46,Anthem Game
47,Anthony Ying
48,AntsCanada
49,ApauHawaiiTours
50,Apple
51,Architectural Digest
52,ArianaGrandeVevo
53,Arica Hutton
54,As/Is
55,AsapSCIENCE
56,Aspyn Ovard
57,Associated Press
58,Attessia TV
59,Austin Evans
60,AwesomenessTV
61,AzealiaBanksVEVO
62,AzzyLand
63,BANGTANTV
64,BB Ki Vines
65,BBC
66,BBC Sport
67,BBCRadio1VEVO
68,BE AMAZED
69,BITAG OFFICIAL
70,BLACKPINK
71,BRIGHT SIDE
72,BRISxLIFE
73,BRUH SAVAGE
74,BabyZone
75,Bachelor Nation on ABC
76,BackstreetBoysVEVO
77,Bad Lip Reading
78,BallerVisions
79,Bamb Beats
80,Bapt&Gael
81,Barstool Sports
82,BasVEVO
83,Battle Universe
84,Battlefield
85,Beats by Dre
86,Because Science
87,BellyVEVO
88,Ben Kronengold
89,Best Ever Food Review Show
90,Best Pakistani Dramas
91,Bethesda Softworks
92,Big Island Video News
93,BigBoyTV
94,Bill Gates
95,Binging with Babish
96,Bleacher Report
97,Bobby Duke Arts
98,Bon Appétit
99,BornToSlay
100,BostonDynamics
101,Brad Mondo
102,Brave Wilderness
103,Breakfast Club Power 105.1 FM
104,Breaking News 2018
105,Britain's Got Talent
106,British Vogue
107,Brooklyn Nine-Nine
108,BuBuPlus
109,Business Insider
110,BuzzFeed Celeb
111,BuzzFeed News
112,BuzzFeedBlue
113,BuzzFeedVideo
114,CAguileraVEVO
115,CBC News
116,CBC News: The National
117,CBCDrama
118,CBS
119,CHANNEL-TV
120,CNN
121,CUFBOYS
122,CYR!L
123,Call of Duty
124,CalumScottVEVO
125,CalvinHarrisVEVO
126,Cam and Jeff
127,Canal del Fútbol Peruano
128,Captain Eggcellent
129,CaptainSparklez
130,Cardi B
131,Carl & Jinger Family
132,Carli Bybel
133,Carter Sharer
134,Casey Holmes
135,CaseyNeistat
136,CashNasty
137,CasonVids
138,Catch Em All Fishing
139,ChadWithaJ
140,Chani Nattan
141,Channel 4
142,Channel Awesome
143,Channel NewsAsia
144,Charlie Puth
145,Chat Sports
146,ChildishGambinoVEVO
147,Chloe Morello
148,Chris Ken Simpson
149,Chris Ramsay
150,Chris Smoove
151,Chris Stuckmann
152,ChrisBrownVEVO
153,Christian Guzman
154,Christopher Jefry Salas Valdez
155,Cinema Of Gaming
156,CinemaSins
157,CinemaWins
158,Clash of Clans
159,Claudia Sulewski
160,Clean Bandit
161,Cleetus McFarland
162,Clevver News
163,Clevver Style
164,ClevverTV
165,CliveNBAParody
166,Cobra Kai
167,Cole Bennett - Lyrical Lemonade
168,CollegeHumor
169,Comedy Central UK
170,Comment Awards
171,Complex
172,Conservative Network
173,ContraPoints
174,Corridor
175,CoryxKenshin
176,Cow Chop
177,CrazyRussianHacker
178,Crime Watch Daily
179,Cut
180,Cyberpunk 2077
181,CypherDen
182,D5 Channel Punjabi
183,DALLMYD
184,DD ToonZ
185,DDG
186,DFBGuide
187,DIEN QUAN Entertainment / Giải Trí
188,DJ Akademiks
189,DKDKTV
190,Daddy Mohan Records
191,Daddy Yankee
192,Daily Dose Of Internet
193,Daily Mail
194,Daily News
195,DaisyxBTS 07
196,Dan And Shay
197,DanTDM
198,Dancing With The Stars
199,Danny Duncan
200,David Dobrik
201,Daz Games
202,Denis
203,Depressed Player
204,Desi Perkins
205,Desus & Mero
206,Dharma Productions
207,Diamond Platnumz
208,DidYouKnowGaming?
209,Diplo
210,Disney Movie Trailers
211,Do It On A Dime
212,Doctor Mike
213,Doctor Squish
214,Dolan Twins
215,Domics
216,Dominique Sachse
217,Don-P News Channel
218,Donald J. Trump Topic
219,Donut Media
220,Doris Lee
221,Doug DeMuro
222,Dr Nozman
223,Dr. Eric Berg DC
224,Dragonfoxgirl
225,DramaAlert
226,Draw Their Life
227,Draw with Jazza
228,DreamWorksTV
229,Dude Perfect
230,Dvr Night
231,E! Entertainment
232,E! News
233,EA SPORTS
234,EA SPORTS FIFA
235,ELBILAD TV
236,ELITE POLITICS
237,ESPN
238,Eat Bulaga!
239,Eater
240,Egyptian Arts Group
241,Eh Bee Family
242,El Universal Video
243,Elhiwar Ettounsi
244,Encanta Música
245,EnriqueIglesiasVEVO
246,Entertainment Tonight
247,Epic Economist
248,Epicurious
249,Erika Costell
250,Et tout le monde s'en fout
251,Eternally profound
252,EverythingApplePro
253,Explicit Nation
254,ExplosmEntertainment
255,F2Freestylers - Ultimate Soccer Skills Channel
256,FBE
257,FIBA3x3
258,FORMULA 1
259,FOX 10 Phoenix
260,FOX Soccer
261,FPFutebolOficial
262,FaZe Rug
263,FailArmy
264,Fally Ipupa
265,FamilyFeud
266,Fast Company
267,FifthHarmonyVEVO
268,FilmSelect Trailer
269,First Take
270,First Things First: Cris Carter and Nick Wright
271,First We Feast
272,FlaGeorgiaLineVEVO
273,Fleur DeForce
274,Flowers Comedy
275,Focus Features
276,Folk Rakaat
277,Food Wishes
278,Fortnite
279,Fortnite Funny
280,FoundFlix
281,Fox Business
282,Fox News
283,FoxStarHindi
284,FreeDawkins
285,Fresh Media Records
286,FrivolousFox ASMR
287,Full Frontal with Samantha Bee
288,FunWithGuru
289,Funny Or Die
290,Funny Vines
291,Furious Trailer
292,FutureVEVO
293,G Swami
294,GLOBAL News
295,GLP TV
296,GMA News
297,GMA Public Affairs
298,GMTV
299,GOLAZO TV
300,GQ
301,Gabbie Hanna
302,Gaboom Films
303,Gallant
304,Game Killerz Records
305,GameGrumps
306,GameSpot
307,GameXplain
308,Garden Answer
309,Geek & Sundry
310,Geet MP3
311,Genius
312,Gibi ASMR
313,Glam&Gore
314,Glenn Videos
315,Global News
316,Global Savage
317,Gojzer
318,Golden Line for TV Production and Distribution
319,Golden State Times
320,Goldmines Telefilms
321,Golshifteh Series
322,Good Morning America
323,Good Mythical MORE
324,Good Mythical Morning
325,Gordon Ramsay
326,Gorillaz
327,Guardian News
328,Guatevisión
329,Guava Juice
330,Gus Johnson
331,H O N N E
332,H3 Podcast
333,HALO
334,HAR PAL GEO
335,HDMONA NEBARIT
336,HOT 97
337,HUM TV
338,HYPEX
339,Hamtaro Gasa
340,Han Ton
341,Hannah Stocking
342,Hassan El Fad | حسن الفد
343,Hayley Kiyoko
344,Heat Check
345,Hell's Kitchen
346,HellthyJunkFood
347,HigaTV
348,Highlight Heaven
349,HollywoodLife
350,Home Bollywud
351,Hope For Paws - Official Rescue Channel
352,House M.D.
353,House of Highlights
354,Household Hacker
355,How It Should Have Ended
356,How Ridiculous
357,How To Cake It
358,Hoy HD
359,Humble Music
360,Hunter Avallone
361,I Hate Everything
362,IFC Films
363,IGN
364,IISuperwomanII
365,ITV
366,IbraPlus
367,IbraTV
368,Inside Edition
369,Ireland Boys Productions
370,ItsMyRayeRaye
371,Ivan Bede
372,J.D. Farag
373,JK
374,JL_Klovely
375,JOYCA
376,JRE Clips
377,JTBC News
378,Jackie Aina
379,Jaclyn Hill
380,Jaeguchi
381,Jaiden Animations
382,Jajaja Buen Chiste
383,Jake Paul
384,James Charles
385,Jason A
386,Jaymax VI
387,JelloApocalypse
388,JennaMarbles
389,JenniferLopezVEVO
390,JerryRigEverything
391,Jesser
392,JesssFam
393,JianHao Tan
394,Jimmy Kimmel Live
395,Joe Budden TV
396,Joe Rogan Fan Page
397,Joe Santagato
398,Joey Graceffa
399,John Mayer
400,JohnnyOrlandoVEVO
401,JonasBlueVEVO
402,Jordan Matter
403,Josh Groban
404,Josh Peck
405,Juice WRLD
406,Juju Fitcats
407,Jung Hyun Ran
408,JunsKitchen
409,JustInformed Talk
410,JustKiddingNews
411,JustKiddingParty
412,JustKorvac
413,KBS World TV
414,KHON2 News
415,KSI
416,Kandee Johnson
417,KaneBrownVEVO
418,Kanye West - Topic
419,Karunesh Talwar
420,KathleenLights
421,Kaushal Beauty
422,Kbaby
423,KeithUrbanVEVO
424,Kelly Clarkson
425,Kelly Drian
426,Kingdom Hearts
427,Kitchen Nightmares
428,Koleen Diaz
429,Konohamaru The Eight
430,Korean ENT
431,Kristopher London
432,Kurzgesagt – In a Nutshell
433,LATEST CONSPIRACY THEORIES NEWS
434,LIVELOVEASAPVEVO
435,LOL Network
436,Ladylike
437,Lama Faché
438,Late Night with Seth Meyers
439,Latest World News Updates
440,LaurDIY
441,Laura Lee
442,Lauv
443,Le Monde à L'Envers
444,Le Rire Jaune
445,League of Legends
446,LeakGrande
447,LegacyKillaHD
448,Legends Alive
449,Lele Pons
450,Les Anges - La chaîne officielle
451,Life Noggin
452,Lifetime
453,Lil Skies
454,Lindsay Ellis
455,Lindsey Stirling
456,Linus Tech Tips
457,Living Big In A Tiny House
458,Liza Koshy
459,Lolywood
460,Lone Baller
461,Looper
462,Lost Gang TV
463,Love Island Australia
464,Lucas and Marcus
465,Lucas the Spider
466,LukeCombsVEVO
467,M2
468,MAZELEE
469,MBCNEWS
470,MBCentertainment
471,MLG Highlights
472,MMA WORLD
473,MMA and More
474,MMAFightingonSBN
475,MNEKVEVO
476,MSNBC
477,Maclean's
478,Maddie Ziegler
479,Madelaine Petsch
480,MaggieRogersVEVO
481,Magnum Productions
482,Mamytwink
483,Man About Cake
484,Manny Mua
485,Manorama News
486,Marie Claire
487,Mark Dice
488,Mark Wiens
489,MarkAngelComedy
490,Markiplier
491,Marodi TV Sénégal
492,Maroon5VEVO
493,Marques Brownlee
494,Marshmello
495,Mashed
496,Math se fait des films !
497,Matt Stonie
498,MatthewSantoro
499,Matthias
500,Matthias Vlogs
501,Mattias Krantz
502,MeghanTrainorVEVO
503,Memeulous
504,Mercury News
505,MessYourself
506,Michael Dapaah
507,Michael McCrudden
508,Michelle Khare
509,Mickey Mouse
510,Mighty Car Mods
511,Mike Shinoda
512,Mikey Chen
513,Military Update
514,Mini Ladd
515,Mister Officiel
516,MoreSidemen
517,MostAmazingTop10
518,Motion Station
519,Movieclips Trailers
520,Mr Whaatwaa
521,Mr. Kate
522,Mr. Nightmare
523,MrBeast
524,MrMBB333
525,MrOAKcheese
526,Munchies
527,Mundo Deportivo
528,MusicTalentNow
529,MustardVEVO
530,NBA
531,NBC News
532,NBC Sports
533,NBC World of Dance
534,NDEKO ELIEZER TOKOKOMA
535,NESN
536,NHL
537,NORMAN FAIT DES VIDÉOS
538,NPR Music
539,NRMgamingHD
540,Nabrana Productions
541,Nail Career Education
542,Nat Geo WILD
543,National Mill Dog Rescue
544,Natoo
545,Nazanin Kavari
546,Nerdwriter1
547,Netflix
548,News Express
549,News Hollywood
550,News Today CNT
551,NiallHoranVEVO
552,Nice channel
553,Nickelodeon UK
554,Nicki Swift
555,NickiMinajAtVEVO
556,NickyJamTV
557,NikkieTutorials
558,Ninja
559,Nintendo
560,NocutV
561,Noodle
562,NotJustTWO
563,Noticieros Televisa
564,Noypi Viral
565,Néo The One
566,ON Sport
567,ONE Media
568,Occo Gaming
569,Offline TV
570,Olivia Jade
571,OmarGoshTV
572,Omer Menashe
573,One Love One People One Ghana
574,Osh and Akela
575,Overcast
576,Ownage Pranks
577,P.O & Marina
578,PBS Eons
579,PBS NewsHour
580,PHP
581,Panic! At The Disco
582,Papa Jake
583,Paramount Pictures
584,Parole de chat
585,Pat la réalisation
586,PeopleTV
587,PewDiePie
588,Philip DeFranco
589,Phillip Rogers
590,Phoenix Pictures International
591,Physics Girl
592,Piemations
593,Pixl Networks
594,PlayFunGamesPictures
595,PlayOverwatch
596,PlayStation Europe
597,Poisson Fécond
598,PopEvilVEVO
599,Porta dos Fundos
600,Power 106 Los Angeles
601,PowerfulJRE
602,Presentation Sports
603,PressCAPLOCK
604,Privateclub Records
605,ProZD
606,Ptv Sports Official
607,Punjabi Youtube Channel
608,QPark
609,RDCworld1
610,REACT
611,REKT
612,Rabbitholebd Sports
613,RachhLovesLife
614,RadaanMedia
615,Raffy Tulfo in Action
616,Ramadan Al Aoula TV
617,Raphael Gomes
618,Rapid Highlights
619,Rapid Trailer
620,Reaction Time
621,Real Time with Bill Maher
622,Reasonable Insanity
623,RedLetterMedia
624,Refinery29
625,Rhythm Boyz
626,RichTheKidVEVO
627,Rita Ora
628,Roland Garros
629,Rooster Teeth
630,Rosanna Pansino
631,Royal Insider
632,Royal Reviewer
633,Rudy Mancuso
634,Rumble Viral
635,SAB TV
636,SET India
637,SIS vs BRO
638,SMG上海电视台官方频道 SMG Shanghai TV Official Channel
639,SMTOWN
640,SORTEDfood
641,SPORTSNET
642,SSSniperWolf
643,STX Entertainment
644,SUMERIAN
645,SYMPA
646,SZAVEVO
647,Saberspark
648,SabrinaCarpenterVEVO
649,Safiya Nygaard
650,SagaHits
651,Sam Echols
652,Sam O'Nella Academy
653,SamSmithWorldVEVO
654,Saturday Night Live
655,SciShow
656,SciShow Psych
657,Screen Junkies
658,Sean van der Wilt
659,Selena Gomez
660,SelenaGomezVEVO
661,Sense Islam
662,Senselet Drama
663,SevenSuperGirls
664,Shaaanxo
665,Shalom Entertainment
666,ShawnMendesVEVO
667,Showbiznest Lifestyle
668,Shpendi10CFC
669,SiaVEVO
670,Sidemen
671,Sierra and Alex
672,SigridVEVO
673,Simon's Cat
674,Simone Giertz
675,Skip and Shannon: UNDISPUTED
676,Sma Al Fan Production International سما الفن الدولية للإنتاج
677,Smosh
678,Smosh Pit
679,SoLLUMINATI
680,Song Lin
681,Sony Music India
682,Sony Pictures Entertainment
683,Sony Pictures Networks Productions
684,SootHouse
685,Sorrow TV
686,SpaceShot76
687,Speed Records
688,Spiritman Productions
689,Starbites Philippines
690,StevenCrowder
691,Straits Times
692,Strange incident
693,Strictly Dumpling
694,Studio C
695,Studio Killers
696,Studio MDHR
697,SugarlandVEVO
698,Sultan Sketches
699,Super Best Friends Play
700,Super Planet Dolan
701,SuperCarlinBrothers
702,SuperMega
703,Sway's Universe
704,Synergy تامر مرسي
705,SyrebralVibes
706,T-Series
707,T-Series Apna Punjab
708,TARTIN
709,TBJZL
710,TBS
711,TED
712,TED-Ed
713,THAT IS IMPOSSIBLE
714,TIME
715,TMZ
716,TODAY
717,TV Promos
718,TVision
719,Talent Recap
720,Talking Tom and Friends
721,Tamil Talkies
722,Tana Mongeau Vlogs
723,Taras Kul
724,Tasty
725,Tasvir Gostar Pasargad
726,Tati
727,Tavarish
728,TaylorSwiftVEVO
729,Team Coco
730,Team Edge
731,Teen Vogue
732,Tested
733,ThaliaVEVO
734,The 1975
735,The Alex Jones Channel
736,The Anime Man
737,The Anna Edit
738,The Charisma Matrix
739,The Daily Show with Trevor Noah
740,The Daily Wire
741,The Dodo
742,The Film Theorists
743,The Food Ranger
744,The Game Theorists
745,The Graham Norton Show
746,The Herd with Colin Cowherd
747,The Infographics Show
748,The King of Random
749,The Late Late Show with James Corden
750,The Late Show with Stephen Colbert
751,The List
752,The New York Times
753,The New Yorker
754,The Office US
755,The Official Pokémon YouTube channel
756,The Real Daytime
757,The Rubin Report
758,The Screen Patti
759,The Sims
760,The Slow Mo Guys
761,The Sports Fury
762,The TRY Channel
763,The Telegraph
764,The Timeliners
765,The Tonight Show Starring Jimmy Fallon
766,The Verge
767,The View
768,The View Sara
769,The Voice
770,The Wendy Williams Show
771,The Young Turks
772,The king of DIY
773,The1975VEVO
774,TheCodesearcher dotcom
775,TheEllenShow
776,TheGamingRevolution
777,TheInternetVEVO
778,TheOdd2sOut
779,TheReportOfTheWeek
780,TheSorryGirls
781,TheTalko
782,Think Club
783,Think Music India
784,Thinknoodles
785,Tia Mowry's Quick Fix
786,Tibo InShape
787,Tina Yong
788,Tiny Meat Gang Podcast
789,Tips Official
790,Top News Today
791,Top Pakistani Dramas
792,Top Rank Boxing
793,Topito
794,Tory Lanez
795,ToveLoVEVO
796,Tracksuit Andy
797,Trash
798,TreyJam
799,Tristan Paredes
800,Troom Troom
801,Troom Troom FR
802,Troom Troom SELECT
803,TroyeSivanVEVO
804,True American Heroes
805,Tva Nouvelles HK
806,TwitchStreams
807,"Tyler, The Creator"
808,Télé Maroc
809,UFC - Ultimate Fighting Championship
810,US Defense News
811,US Military News
812,USA TODAY
813,Ubisoft North America
814,Ulaganayagan Tube
815,Unbox Therapy
816,Universal Pictures
817,Unspeakable
818,VH1
819,VISUAL
820,VOA Tiếng Việt
821,Vanity Fair
822,Variety
823,Vat19
824,Veronica Wang
825,VikatanTV
826,Vision Time Tamil
827,VodK
828,Vogue
829,Vox
830,WADIM
831,WIKIPOLITICS
832,WIRED
833,WORLDSTARHIPHOP
834,WOWPresents
835,WWE
836,Waffle Boi
837,Walt Disney Animation Studios
838,Warner Bros. Pictures
839,Washington Post
840,Wass Freestyle
841,Watch What Happens Live with Andy Cohen
842,WatchMojo Français
843,WatchMojo.com
844,Weird World
845,Wengie
846,Will Smith
847,Win Sports
848,Wisecrack
849,Wolfychu
850,World at the best
851,X Factor Global
852,X22Report
853,XXL
854,Xbox
855,Y Not Studios
856,Yandere Dev
857,YoruShika
858,You Suck At Cooking
859,YouTube Spotlight
860,Young Don The Sauce God
861,Your Face Sounds Familiar
862,YourMovieSucksDOTorg
863,Youtupe Mania
864,ZaidAliT Vlogs
865,ZaynVEVO
866,aDDmoreJuice
867,asmr zeitgeist
868,blndsundoll4mj
869,brewstewfilms
870,bulletvalentineVEVO
871,camelsandfriends
872,colinfurze
873,consumer
874,davematthewsbandVEVO
875,destinygame
876,devinsupertramp
877,dmc دراما
878,dodgerfilms
879,e-dison
880,emmymadeinjapan
881,gameslice
882,grav3yardgirl
883,h3h3Productions
884,iCrackUriDevice
885,iJustine
886,ibighit
887,itsAlexClark
888,jacksepticeye
889,jacksfilms
890,jbalvinVEVO
891,johnmayerVEVO
892,keshaVEVO
893,kevingatesTV
894,manototv
895,maxmoefoePokemon
896,maxmoefoetwo
897,miniminter
898,nigahiga
899,official A.C.E
900,ournameismagicVEVO
901,pamtri
902,penguinz0
903,radiodisney
904,savage.
905,secureteam10
906,shgurr
907,tbs 시민의 방송
908,tenaadam
909,theMeatly
910,theRadBrad
911,them
912,theneedledrop
913,tlc uk
914,vlogbrothers
915,weezer
916,xCeleste
917,zefrank1
918,Çukur
919,Élie Pilon
920,ĐÔNG TÂY PROMOTION OFFICIAL
921,Россия 24
922,Семен Слепаков
923,вДудь
924,الخاوة ـ القناة الرسمية
925,القاهرة والناس
926,ناريز I NAEIS
927,ኤርትራዊነት
928,优优独播剧场——YoYo Television Series Exclusive
929,少康戰情室
930,就是闹着玩的
931,我愛小明星大跟班
932,我愛玩很大
933,推视直播台
934,曼食慢语 Amanda Tastes
935,杰威爾音樂 JVR Music
936,江苏卫视官方频道China JiangsuTV Official Channel
937,湖南卫视芒果TV官方频道 China HunanTV Official Channel
938,澳門華人祖國復興大聯盟Macau Chinese Revival Association
939,炮座新观察【各路嘉宾 每日热评】
940,熱點新聞
941,看电影了没
942,腾讯视频TencentVideo
943,芒果TV独播剧场 Mango TV Drama Channel
944,麦绿素 dustdream
945,영국남자 Korean Englishman
